model,rmse,mae,rsq
Linear Regression,56357.44920181848,45962.80529443045,0.8885721202432104
Random Forest,64147.123027084286,51252.424022332896,0.8729616044360529
XGBoost,59186.29140125701,47868.3565625,0.8767562804485067
